{"tx":0,"rx":1,"paaTx":0,"paaRx":0,"target":0,"delay":[[3.99370705E-8],[3.96988E-8],[3.94138944E-8],[3.90603887E-8],[3.86721659E-8],[3.82991665E-8],[3.79602092E-8],[3.76288369E-8],[3.72625593E-8],[3.68492259E-8],[3.64281298E-8],[3.60652486E-8],[3.58036516E-8]],"gain":[[-118.059448],[-117.949905],[-117.817696],[-117.652069],[-117.467964],[-117.289009],[-117.125069],[-116.963814],[-116.783546],[-116.576149],[-116.359337],[-116.166603],[-116.022255]],"phase":[[1.40919363],[5.83066082],[5.23778391],[3.91614842],[2.07349968],[5.96860409],[3.84893489],[4.58796692],[4.73475504],[5.99116325],[4.32141113],[5.74910307],[1.3769033]],"aodEl":[[95.8753586],[95.8847961],[95.7937775],[95.6916962],[95.6781845],[95.7803116],[95.9295807],[96.0194626],[95.9950104],[95.8985214],[95.8325958],[95.8711929],[95.9940643]],"aodAz":[[343.537964],[344.310059],[345.202759],[346.246063],[347.342255],[348.344269],[349.180054],[349.916962],[350.708527],[351.66745],[352.771],[353.879944],[354.857666]],"aoaEl":[[95.6599503],[95.7241821],[95.6818],[95.6356201],[95.6972733],[95.8931656],[96.1380768],[96.3061676],[96.3398666],[96.2993164],[96.3123932],[96.4661255],[96.7264786]],"aoaAz":[[33.5591621],[34.1709251],[34.8817368],[35.6955223],[36.5300751],[37.2664299],[37.8427963],[38.3142433],[38.8192],[39.4787483],[40.3118057],[41.2311745],[42.1263695]]}
{"tx":1,"rx":0,"paaTx":0,"paaRx":0,"target":0,"delay":[[3.99370705E-8],[3.96988E-8],[3.94138944E-8],[3.90603887E-8],[3.86721659E-8],[3.82991665E-8],[3.79602092E-8],[3.76288369E-8],[3.72625593E-8],[3.68492259E-8],[3.64281298E-8],[3.60652486E-8],[3.58036516E-8]],"gain":[[-118.059448],[-117.949905],[-117.817696],[-117.652069],[-117.467964],[-117.289009],[-117.125069],[-116.963814],[-116.783546],[-116.576149],[-116.359337],[-116.166603],[-116.022255]],"phase":[[1.40919363],[5.83066082],[5.23778391],[3.91614842],[2.07349968],[5.96860409],[3.84893489],[4.58796692],[4.73475504],[5.99116325],[4.32141113],[5.74910307],[1.3769033]],"aodEl":[[95.6599503],[95.7241821],[95.6818],[95.6356201],[95.6972733],[95.8931656],[96.1380768],[96.3061676],[96.3398666],[96.2993164],[96.3123932],[96.4661255],[96.7264786]],"aodAz":[[33.5591621],[34.1709251],[34.8817368],[35.6955223],[36.5300751],[37.2664299],[37.8427963],[38.3142433],[38.8192],[39.4787483],[40.3118057],[41.2311745],[42.1263695]],"aoaEl":[[95.8753586],[95.8847961],[95.7937775],[95.6916962],[95.6781845],[95.7803116],[95.9295807],[96.0194626],[95.9950104],[95.8985214],[95.8325958],[95.8711929],[95.9940643]],"aoaAz":[[343.537964],[344.310059],[345.202759],[346.246063],[347.342255],[348.344269],[349.180054],[349.916962],[350.708527],[351.66745],[352.771],[353.879944],[354.857666]]}
