{"snr":20,"sensInstanceId":1,"axisRange":[37,38,38,38,38,38,39,39,39,39,39,39,39,39,40,40,40,40,40,40,40,40,40,41,41,41,41,41,41,41,42,43],"axisVelocity":[19,17,18,19,20,21,15,16,17,18,19,20,21,22,15,16,17,18,19,20,21,22,23,16,17,18,19,20,21,22,19,19],"axisAngle":[1,1,1,1,1,1,1,1,1,1,1,1,1,1,1,1,1,1,1,1,1,1,1,1,1,1,1,1,1,1,1,1],"reflectionPower":[0.057818487286567688,0.049261696636676788,0.079266913235187531,0.089589059352874756,0.08556663990020752,0.06999930739402771,0.051788076758384705,0.09993918240070343,0.14774596691131592,0.18850025534629822,0.2045651376247406,0.18788072466850281,0.14521798491477966,0.081395372748374939,0.091750338673591614,0.19622240960597992,0.31095319986343384,0.40749534964561462,0.44722440838813782,0.41245165467262268,0.31798356771469116,0.20152097940444946,0.0938940942287445,0.044437885284423828,0.079230561852455139,0.10304239392280579,0.1133149191737175,0.10524409264326096,0.0819876566529274,0.046098068356513977,0.057609066367149353,0.0503939688205719]}
{"snr":20,"sensInstanceId":2,"axisRange":[36,37,37,37,38,38,38,38,38,38,38,39,39,39,39,39,39,39,39,39,40,40,40,40,40,40,40,40,40,41,41,41,41,41,41,41,42,42,42,42,42,43,43,43,46],"axisVelocity":[20,19,20,21,17,18,19,20,21,22,23,16,17,18,19,20,21,22,23,24,16,17,18,19,20,21,22,23,24,17,18,19,20,21,22,23,18,19,20,21,22,19,20,21,20],"axisAngle":[1,1,1,1,1,1,1,1,1,1,1,1,1,1,1,1,1,1,1,1,1,1,1,1,1,1,1,1,1,1,1,1,1,1,1,1,1,1,1,1,1,1,1,1,1],"reflectionPower":[0.046254731714725494,0.036504529416561127,0.0533057376742363,0.052092544734478,0.0547453835606575,0.093796283006668091,0.11704488098621368,0.125184565782547,0.11441667377948761,0.088732197880744934,0.050044890493154526,0.077587775886058807,0.16337335109710693,0.2559698224067688,0.33377033472061157,0.36603668332099915,0.33870255947113037,0.26366415619850159,0.17111971974372864,0.082613617181777954,0.0652448982000351,0.13994094729423523,0.22218935191631317,0.29159903526306152,0.32087531685829163,0.29762998223304749,0.23251697421073914,0.15232519805431366,0.074633762240409851,0.04553038626909256,0.080956898629665375,0.10469046235084534,0.11428342014551163,0.1053810641169548,0.0816870629787445,0.045852266252040863,0.037081345915794373,0.059296362102031708,0.06653740257024765,0.062754370272159576,0.040904618799686432,0.050637573003768921,0.055889945477247238,0.051675066351890564,0.0439789779484272]}
{"snr":20,"sensInstanceId":3,"axisRange":[37,38,38,38,38,38,39,39,39,39,39,39,39,39,39,39,39,40,40,40,40,40,40,40,41,41,41,41,42],"axisVelocity":[21,19,20,21,22,23,16,17,18,19,20,21,22,23,24,25,26,18,19,20,21,22,23,24,20,21,22,23,21],"axisAngle":[1,1,1,1,1,1,1,1,1,1,1,1,1,1,1,1,1,1,1,1,1,1,1,1,1,1,1,1,1],"reflectionPower":[0.060237232595682144,0.060639649629592896,0.0955977737903595,0.10528332740068436,0.097582012414932251,0.062852784991264343,0.052547737956047058,0.12004554271697998,0.21538254618644714,0.32947689294815063,0.42664808034896851,0.46779924631118774,0.4342995285987854,0.340500146150589,0.22438807785511017,0.12426295876502991,0.053290128707885742,0.069231033325195313,0.12782841920852661,0.17092245817184448,0.19016718864440918,0.17736765742301941,0.13852323591709137,0.078109040856361389,0.054888427257537842,0.078754507005214691,0.075459606945514679,0.049533501267433167,0.052634198218584061]}
{"snr":20,"sensInstanceId":4,"axisRange":[38,38,38,39,39,39,39,39,39,39,39,39,40,40,40,40],"axisVelocity":[21,22,23,18,19,20,21,22,23,24,25,26,21,22,23,24],"axisAngle":[1,1,1,1,1,1,1,1,1,1,1,1,1,1,1,1],"reflectionPower":[0.055021151900291443,0.0768604725599289,0.071553722023963928,0.11742901802062988,0.24127352237701416,0.37293985486030579,0.48528897762298584,0.53306430578231812,0.49456578493118286,0.385885626077652,0.25035339593887329,0.12042367458343506,0.077756687998771667,0.08449980616569519,0.078166134655475616,0.050569787621498108]}
{"snr":20,"sensInstanceId":5,"axisRange":[39,39,39,39,39,39,39,39,39],"axisVelocity":[19,20,21,22,23,24,25,26,27],"axisAngle":[1,1,1,1,1,1,1,1,1],"reflectionPower":[0.1114492192864418,0.23579913377761841,0.3723607063293457,0.48948553204536438,0.540316104888916,0.50244057178497314,0.39264339208602905,0.2557733952999115,0.12391819059848785]}
{"snr":20,"sensInstanceId":6,"axisRange":[38,38,38,38,38,39,39,39,39,39,39,39,39,39,40,40],"axisVelocity":[22,23,24,25,26,20,21,22,23,24,25,26,27,28,24,25],"axisAngle":[1,1,1,1,1,1,1,1,1,1,1,1,1,1,1,1],"reflectionPower":[0.062095731496810913,0.096513696014881134,0.10483670234680176,0.0970287173986435,0.062867783010005951,0.10434888303279877,0.22463808953762054,0.35811299085617065,0.470979779958725,0.51760584115982056,0.47726172208786011,0.36762335896492004,0.23289944231510162,0.10859972238540649,0.0679064691066742,0.066521488130092621]}
{"snr":20,"sensInstanceId":7,"axisRange":[37,37,37,37,38,38,38,38,38,38,38,39,39,39,39,39,39,39,39,39,40,40,40,40,40,40,40,41,41,41],"axisVelocity":[24,25,26,27,22,23,24,25,26,27,28,21,22,23,24,25,26,27,28,29,22,23,24,25,26,27,28,24,25,26],"axisAngle":[1,1,1,1,1,1,1,1,1,1,1,1,1,1,1,1,1,1,1,1,1,1,1,1,1,1,1,1,1,1],"reflectionPower":[0.069271191954612732,0.0780598446726799,0.07376764714717865,0.048197872936725616,0.070240005850791931,0.12959083914756775,0.1730429083108902,0.192365825176239,0.1797286719083786,0.14144611358642578,0.080610066652297974,0.0949087142944336,0.20501017570495605,0.327355295419693,0.430713951587677,0.47368103265762329,0.43743917346000671,0.33806717395782471,0.21591281890869141,0.10195174813270569,0.0466732457280159,0.081538572907447815,0.10413811355829239,0.11357291042804718,0.10559383034706116,0.083588279783725739,0.048121262341737747,0.045330192893743515,0.062880411744117737,0.045306466519832611]}
{"snr":20,"sensInstanceId":8,"axisRange":[36,36,36,36,36,37,37,37,37,37,37,37,38,38,38,38,38,38,38,38,38,39,39,39,39,39,39,39,39,39,39,40,40,40,40,40,40,40,41,41,41,41,41,42,42,42],"axisVelocity":[24,25,26,27,28,23,24,25,26,27,28,29,22,23,24,25,26,27,28,29,30,22,23,24,25,26,27,28,29,30,31,23,24,25,26,27,28,29,24,25,26,27,28,25,26,27],"axisAngle":[1,1,1,1,1,1,1,1,1,1,1,1,1,1,1,1,1,1,1,1,1,1,1,1,1,1,1,1,1,1,1,1,1,1,1,1,1,1,1,1,1,1,1,1,1,1],"reflectionPower":[0.039299890398979187,0.061284884810447693,0.06678057461977005,0.061550259590148926,0.0395430326461792,0.045042507350444794,0.080150812864303589,0.10356762260198593,0.11298365890979767,0.10448721051216125,0.081797726452350616,0.046507082879543304,0.06554701179265976,0.13242457807064056,0.20015391707420349,0.25438374280929565,0.27270609140396118,0.2465672492980957,0.18754340708255768,0.12021535634994507,0.058389075100421906,0.084378853440284729,0.1781618744134903,0.28060454130172729,0.36733052134513855,0.40299507975578308,0.37234669923782349,0.29051214456558228,0.19271001219749451,0.11211845278739929,0.052856646478176117,0.04852188378572464,0.086528532207012177,0.11200971156358719,0.12229491770267487,0.11335105448961258,0.0897158831357956,0.051860284060239792,0.042891364544630051,0.066446252167224884,0.072270654141902924,0.067005857825279236,0.0433049201965332,0.041658289730548859,0.057970993220806122,0.053634848445653915]}
