{"snr":20,"rangeNMSEdB":-41.702615437973364,"velocityNMSEdB":-39.206943450815743,"rangeMSEdB":-23.653757632684727,"velocityMSEdB":-58.27529878961434}
