{"snr":300,"rangeNMSEdB":-26.681386383840259,"velocityNMSEdB":null,"rangeMSEdB":-8.33655867464916,"velocityMSEdB":-20.15954845310916}
