{"snr":300,"rangeNMSEdB":-26.147797824385496,"velocityNMSEdB":0.7718305928735385,"rangeMSEdB":-6.4476037897491567,"velocityMSEdB":-3.4074899584840046,"beamSnr":[35.130174846345462,34.852685166858393,34.868282302815068,34.430848729049409,34.239546219066753,34.542714986569287,34.03739074863077,34.613925713956938,34.454742713419691,34.313972199396012,34.498119582693853,34.366428824231534,34.163929806467038,34.795250180877645,34.564417331160151,34.019239068310313,34.540993048790412,34.599786526375389,34.297091840730104,34.617941055176018,34.821116803141685,34.197552264862651,34.339438666502893,34.021669185012605,34.570405010354342,34.348855873889732,34.603639230239125,34.347886649017482,34.718966594438392,34.725246604426715,34.407166234586441,34.432718461879944,34.375371882227583,34.574967115239559,34.02096578415852,34.359226726717957,34.473024114314228,33.934777157790968,34.402376361752857,34.268924166396545,34.094929088432728,34.603330444336713,34.485166679382814,34.78682097779415,34.364789175342011,34.434352680409752,34.529132063973364,34.5731997604417,34.236693565518536,34.546807841271942,34.873841151215252,34.330624367180022,34.360099828249474,34.426764200149776,34.400374748681912,34.371543524585405,34.710035135751809,34.873947813270526,34.431315134434236,34.253684393401265,34.764108845524341,34.656866181447981,34.666743888302989,34.474632927245274,34.473056194107087,34.9942772652965,34.352375332026241,34.974174998511032,34.432512496934066,34.221199418816411,34.498109440755215,34.409521933415704,34.926878316352592,34.180646363555077,34.402012783246263,34.447305677461571,34.358171988508907,34.344274677448766,34.337702680398912,34.922544375794963,35.03643070003735,34.35602838760299,34.615281868300343,34.908649078016872,34.908250183870763,34.750872735650063,34.341959475322462,35.222327378240244,34.091406185737583,34.360137873504627,34.244218406021851,34.471860824512021,34.407275626266618,34.502717466448,34.681850384312177,33.967321328485625,34.066453451639177,34.366861196207125,35.007105876060592,34.623321629982783,34.53145645593159,34.376734056744532,34.401985250286558,34.487402403194139,34.257713064587065,34.213231019904157,34.433710970664492,34.759852265913054,34.242789613605716,34.764828300783776,34.768775526026737,34.595771383181727,34.197981334315827,34.491216887584017,34.319155979414553,34.909067665895947,34.880303483164553,34.849358510890134,34.101408313330587,34.970487427961331,34.191734009768133]}
