{"snr":20,"sensInstanceId":1,"axisRange":[68,69,70,71,72,73,67,68,69,70,71,72,73,74,67,68,69,70,71,72,73,74,75,69,70,71,72,73,74,75,76,68,69,70,71,72,73,74,75,69,70,71,72,73,68,69,70,71,72,73,74,75,76,55,56,69,70,71,72,73,74,75,76,52,53,54,55,56,57,58,59,70,71,72,73,74,75,70,71,72,73,74,75,76,77,70,71,72,73,74,75,76,81,82,83,84,85,86,87,88,89],"axisVelocity":[36,36,36,36,36,36,37,37,37,37,37,37,37,37,38,38,38,38,38,38,38,38,38,39,39,39,39,39,39,39,39,40,40,40,40,40,40,40,40,41,41,41,41,41,42,42,42,42,42,42,42,42,42,43,43,43,43,43,43,43,43,43,43,44,44,44,44,44,44,44,44,44,44,44,44,44,44,45,45,45,45,45,45,45,45,46,46,46,46,46,46,46,46,46,46,46,46,46,46,46,46],"axisAngle":[1,1,1,1,1,1,1,1,1,1,1,1,1,1,1,1,1,1,1,1,1,1,1,1,1,1,1,1,1,1,1,1,1,1,1,1,1,1,1,1,1,1,1,1,1,1,1,1,1,1,1,1,1,1,1,1,1,1,1,1,1,1,1,1,1,1,1,1,1,1,1,1,1,1,1,1,1,1,1,1,1,1,1,1,1,1,1,1,1,1,1,1,1,1,1,1,1,1,1,1,1],"reflectionPower":[0.17037934064865112,0.28238186240196228,0.33185228705406189,0.32982611656188965,0.28080406785011292,0.17179474234580994,0.38508385419845581,0.7703595757484436,1.1061203479766846,1.2917866706848145,1.2513805627822876,1.0078203678131104,0.66764676570892334,0.32426238059997559,0.21731650829315186,0.46123504638671875,0.73588746786117554,0.98111236095428467,1.0987083911895752,1.036179780960083,0.82149732112884521,0.54388737678527832,0.26763457059860229,0.12454977631568909,0.21832378208637238,0.32285094261169434,0.43982923030853271,0.49781644344329834,0.4587852954864502,0.34376680850982666,0.18456479907035828,0.21330550312995911,0.40068471431732178,0.55594533681869507,0.64949113130569458,0.63899815082550049,0.5309675931930542,0.37487334012985229,0.19789272546768188,0.13832627236843109,0.22652924060821533,0.26259720325469971,0.25563320517539978,0.20792490243911743,0.14337074756622314,0.29056853055953979,0.45164012908935547,0.60477298498153687,0.69523787498474121,0.68463802337646484,0.575127363204956,0.40892237424850464,0.21498209238052368,0.17701320350170135,0.17471912503242493,0.22845649719238281,0.44404378533363342,0.64027500152587891,0.77576184272766113,0.7915768027305603,0.67957770824432373,0.48751926422119141,0.25615987181663513,0.19737938046455383,0.3665345311164856,0.49807724356651306,0.56804442405700684,0.54570943117141724,0.44075378775596619,0.29672902822494507,0.147661492228508,0.13500878214836121,0.22805416584014893,0.2777983546257019,0.28774774074554443,0.25274986028671265,0.15690818428993225,0.25510048866271973,0.4623638391494751,0.60694217681884766,0.666685938835144,0.61677253246307373,0.4804394543170929,0.31360122561454773,0.15303808450698853,0.17872351408004761,0.34085202217102051,0.47226831316947937,0.5422702431678772,0.52078366279602051,0.41663485765457153,0.23823302984237671,0.17008182406425476,0.29098236560821533,0.3769257664680481,0.44085437059402466,0.46223801374435425,0.43388411402702332,0.3656429648399353,0.27779388427734375,0.15998610854148865]}
{"snr":20,"sensInstanceId":2,"axisRange":[66,67,68,69,70,71,72,73,74,75,67,68,69,70,71,72,73,74,67,68,69,70,71,72,73,74,75,76,65,66,67,68,69,70,71,72,73,74,75,76,77,69,70,71,72,73,74,75,69,70,71,72,73,74,75,76,77,78,54,55,56,57,58,59,68,69,70,71,72,73,74,53,54,55,56,57,58,59,65,66,67,68,69,70,71,72,66,67,68,69,70,71,72,73,74,75,90,91,92,93,94,95,90,91,92,93,94,95,96],"axisVelocity":[37,37,37,37,37,37,37,37,37,37,38,38,38,38,38,38,38,38,39,39,39,39,39,39,39,39,39,39,40,40,40,40,40,40,40,40,40,40,40,40,40,41,41,41,41,41,41,41,42,42,42,42,42,42,42,42,42,42,43,43,43,43,43,43,43,43,43,43,43,43,43,44,44,44,44,44,44,44,45,45,45,45,45,45,45,45,46,46,46,46,46,46,46,46,46,46,46,46,46,46,46,46,47,47,47,47,47,47,47],"axisAngle":[1,1,1,1,1,1,1,1,1,1,1,1,1,1,1,1,1,1,1,1,1,1,1,1,1,1,1,1,1,1,1,1,1,1,1,1,1,1,1,1,1,1,1,1,1,1,1,1,1,1,1,1,1,1,1,1,1,1,1,1,1,1,1,1,1,1,1,1,1,1,1,1,1,1,1,1,1,1,1,1,1,1,1,1,1,1,1,1,1,1,1,1,1,1,1,1,1,1,1,1,1,1,1,1,1,1,1,1,1],"reflectionPower":[0.21889378130435944,0.53277850151062012,0.90913254022598267,1.2245967388153076,1.3641452789306641,1.2795760631561279,1.0170633792877197,0.68578475713729858,0.39297890663146973,0.17459022998809814,0.26888024806976318,0.52642607688903809,0.75750136375427246,0.909000039100647,0.91785520315170288,0.78077220916748047,0.55633330345153809,0.29129964113235474,0.18929207324981689,0.33582413196563721,0.42309781908988953,0.45819711685180664,0.46314677596092224,0.45477569103240967,0.42267945408821106,0.35473495721817017,0.26166173815727234,0.14460067451000214,0.17443612217903137,0.19566196203231812,0.27095651626586914,0.3982505202293396,0.52672326564788818,0.610474705696106,0.634641706943512,0.60045266151428223,0.52407306432724,0.4334486722946167,0.34619238972663879,0.25996974110603333,0.14849507808685303,0.22794181108474731,0.38070112466812134,0.4510607123374939,0.44869482517242432,0.37710219621658325,0.26832106709480286,0.14174756407737732,0.15747907757759094,0.27344954013824463,0.370599627494812,0.48466432094573975,0.60573583841323853,0.68777966499328613,0.67895317077636719,0.568515419960022,0.3970673680305481,0.20344457030296326,0.14919896423816681,0.24292832612991333,0.27990469336509705,0.27216798067092896,0.22308160364627838,0.13107895851135254,0.18740925192832947,0.33517125248908997,0.44259428977966309,0.49650704860687256,0.46637284755706787,0.36119937896728516,0.1996595561504364,0.16121774911880493,0.30483439564704895,0.41994678974151611,0.48152947425842285,0.46307635307312012,0.37339881062507629,0.21608135104179382,0.14895281195640564,0.26099264621734619,0.35658586025238037,0.44020968675613403,0.47231230139732361,0.43249508738517761,0.33303698897361755,0.18558040261268616,0.13643118739128113,0.23777174949645996,0.33901697397232056,0.46874094009399414,0.59468424320220947,0.66680222749710083,0.64762049913406372,0.53912293910980225,0.38259977102279663,0.2022550106048584,0.14893059432506561,0.24609987437725067,0.28901004791259766,0.28685659170150757,0.24157878756523132,0.14559736847877502,0.21143752336502075,0.35112231969833374,0.41541746258735657,0.41569781303405762,0.35329794883728027,0.25559234619140625,0.13732114434242249]}
{"snr":20,"sensInstanceId":3,"axisRange":[68,69,70,71,66,67,68,69,70,71,72,73,74,67,68,69,70,71,72,73,74,75,65,66,67,68,69,70,71,72,73,74,75,76,66,67,68,69,70,71,72,73,74,75,76,77,78,69,70,71,72,73,74,75,71,72,73,74,75,76,77,78,79,54,55,56,57,58,59,60,67,68,69,70,71,72,73,54,55,56,57,58,59,60,58,59,60,61,62,63,64,65,66,67,68,69,70,71,72,83,84,85,86,87,88,89,90,91],"axisVelocity":[36,36,36,36,37,37,37,37,37,37,37,37,37,38,38,38,38,38,38,38,38,38,39,39,39,39,39,39,39,39,39,39,39,39,40,40,40,40,40,40,40,40,40,40,40,40,40,41,41,41,41,41,41,41,42,42,42,42,42,42,42,42,42,43,43,43,43,43,43,43,43,43,43,43,43,43,43,44,44,44,44,44,44,44,45,45,45,45,45,45,45,45,46,46,46,46,46,46,46,47,47,47,47,47,47,47,47,47],"axisAngle":[1,1,1,1,1,1,1,1,1,1,1,1,1,1,1,1,1,1,1,1,1,1,1,1,1,1,1,1,1,1,1,1,1,1,1,1,1,1,1,1,1,1,1,1,1,1,1,1,1,1,1,1,1,1,1,1,1,1,1,1,1,1,1,1,1,1,1,1,1,1,1,1,1,1,1,1,1,1,1,1,1,1,1,1,1,1,1,1,1,1,1,1,1,1,1,1,1,1,1,1,1,1,1,1,1,1,1,1],