{"snr":20,"rangeNMSEdB":-25.884080682141327,"velocityNMSEdB":-10.950799925589125,"rangeMSEdB":-7.7555326155958166,"velocityMSEdB":-23.182612789868905}
