{"snr":300,"rangeNMSEdB":-19.77651339022707,"velocityNMSEdB":-2.2099077820209363,"rangeMSEdB":-1.7654423714900767,"velocityMSEdB":-19.91725212294843,"beamSnr":[35.180048177359218,35.098841791889136,34.759367950066753,34.790800537791682,34.933089397565674,35.773748172667709,35.756450080961656,35.669035162240156,35.482678112155128,35.460043437324543,35.541604792944604,35.587401638784513,35.582519349591337,35.523560331282695,35.613420675705584,35.471280670860438,35.508802557877864,35.177578461423657,35.239619439452376,35.203359254215108,35.142178541813578,35.140789754456634,34.608454325988028,34.584720453632009,34.444946978061218,35.206282477413993,35.274916464197204,35.228161313384312,34.6602014153063,34.631862077928858,34.561357923691446,34.838573225375164,34.881686001385177,35.012638861105771,35.015483402467858,35.188956385314938,35.092924534373196,34.869784173898843,34.8010447554297,34.875567028259056,35.037821858316704,35.2485222510862,35.38970019103531,35.429933927843358,35.494876722739242,35.510914203458512,35.051327291015269,35.132723140625934,34.703944564309552,34.564716923642195,34.474448731445378,34.716187984180088,34.720039149709116,34.688568532435916,34.773707443873377,35.071513591605274,35.619565283023732,35.254755127773215,34.965780424283217,34.231180991380732,33.964930238747513,34.027057638311973,34.075190274430788,34.060133116223682,33.982965734291341,34.131400421079576,34.127364373244077,34.015399642800539,33.862720853542115,34.497438845966421,34.519645308132958,35.418039827257147,35.488528682595245,35.501744728834773,35.376398510268551,35.20588924843463,34.260922088365817,34.073055359784128,34.163913051443082,34.570022745951626,34.820380280032225,35.037682707700213,35.175818105854276,35.20992395626007,35.145358431575815,35.01310124441828,34.712719874336379,34.568381983116119,34.704988018499215,34.777436358771546,34.856894904944248,34.820990805152661,34.924414977959728,35.009619839598159,35.106304082940682,35.204405623568,35.370695245919414,35.47679717120127,35.362824813869352,35.152486651385182,34.590031951073151,34.338620998192688,33.799221674775893,33.943111815644315,34.038600570989182,34.279597092268716,34.26320847968536,34.049111210395026,34.033839279266545,34.1573243582743,34.439308647834771,34.798118827178243,35.029971598661071,35.030803669788561,34.97074490784788,34.709892287172728,34.727698235062746,34.66858082615105,34.650786115023429,34.726836554859219,34.680762819153188,34.4009056312088,34.348847273817881,34.880375428750945,34.936289391917981,34.990893858515669,34.802795561410058,34.965487514515516,34.894735034309711,34.970552977486214,34.76733669507405,35.058751124733945,34.881059179794065,34.84820209473375,35.105830862505378,34.899414280344608,34.94231384387701,35.042880913508114,34.723894410497536,34.671607036372151,34.3990321452744,34.338206459190744,34.522565980650285,34.39858068035872,34.414763014655065,35.06206175320709,35.157063920424527,35.163358080190463,35.025677629113559,34.954434967176184,34.976265504128683,35.057241126847934,35.160337800908273,35.030281084958716,34.975594679684377,35.042217686053554,34.193698554581246,33.705152687334696,33.659511679708658,33.853646844266734,34.23501534891755,34.250733001220091,34.05518989555474,33.945270078751435,33.843357587764643,33.75990656463307,33.7032586553203,33.913755641373712,34.144268582613378,34.2493747730972,34.387611808730838,34.812806295924339,34.70511150566324,34.4793633400739,34.611551505610414,34.705836814601241,34.718659613077428,34.799754817590561,34.832441891496671,34.69013662622843,34.850958467444812,34.819508520497237,34.87869692841798,34.730621756351759,34.79483287443481,34.860839109601173,34.941193666579629,35.208639533156749,35.148793361844241,35.194205520267722,34.957805244775066,34.94989870695364,34.867279935104257,35.01092324664878,34.87992836150373,34.867753914869638,34.961126623825358,34.984903746804193,34.725776446786611,34.771765579579863,34.869764890548716,34.808181651160936,34.648797546701566,35.052181341761333,35.44730572578392,35.520161723883618,35.421429239517117,35.581011200989451,35.275008683615908,35.373265073121544,35.468879617037985,35.48828933595837,35.402509141109313,34.880192328281368,34.910415856385747,34.5676127411732,34.84806549338871,35.034815731745574,34.964038646032719,34.716152009610092,34.764337451420751,34.842749386956655,34.880129160178505,34.672230761360211,34.421763375033635,34.555352368640861,34.885405927174176,34.939055128033445,34.8288333181404,34.991069859560838,34.856562552981678,34.600162488418093,34.383266643431739,34.442643160233089,34.503088184227089,34.542536960704957,34.485517985508395,34.623372668651292,34.669868597995034,34.646709177578096,34.475404374683208,34.302257705728479,34.246298299990386,34.0255474209076,33.921817568062089,33.809224892567784,33.6145189546528,34.041814358456051,34.082216518074745,34.160488512182177,34.420742045041955,34.5453898158516,34.665010016249077,34.76218883347979,34.763754502292528,34.800819708033295,35.151414595946363,35.145687755966108]}
