{"snr":300,"rangeNMSEdB":-41.70261543797335,"velocityNMSEdB":-39.206943450815743,"rangeMSEdB":-23.653757632684712,"velocityMSEdB":-58.27529878961434,"azErr":[-3.9743960000000129,-4.020844000000011,-4.0672609999999736,-4.1136470000000145,-4.1599729999999795,-4.2062990000000013,-4.2525630000000092,-4.2987979999999766,-4.3449709999999868,-4.391143999999997,-4.4372559999999908,-4.4833370000000059,-4.5293879999999831,-4.5754089999999792,-4.6213680000000181,-4.6672970000000191,-4.7131959999999822,-4.7590640000000235,-4.8049009999999726,-4.8506770000000188,-4.8964230000000271,-4.9421389999999974,-4.9878229999999917,-5.0334780000000023,-5.079070999999999,-5.1246340000000146,-5.1701659999999947,-5.2156679999999938,-5.2611079999999788,-5.30651899999998,-5.3518980000000056,-5.397246999999993,-5.4425659999999993,-5.4878229999999917,-5.533051,-5.5782469999999762,-5.6234130000000278,-5.6685180000000059,-5.7136229999999841,-5.7586670000000026,-5.8036799999999857,-5.8486330000000066,-5.8935849999999732,-5.9384769999999776,-5.9833370000000059,-6.0281370000000152,-6.0729370000000245,-6.1176760000000172,-6.1623839999999745,-6.2070620000000076,-6.2517090000000053,-6.2962949999999864,-6.3408509999999865,-6.3853760000000079,-6.4298709999999915,-6.4743040000000178,-6.5187379999999848,-6.5631099999999947,-6.6074520000000234,-6.6517329999999788,-6.69598400000001,-6.7402339999999867,-6.7844240000000013,-6.828552000000002,-6.872681,-6.5417479999999841,-6.2107849999999871,-5.8797909999999547,-5.5487370000000169,-5.2176820000000248,-4.8865660000000162,-4.5554200000000264,-4.22421300000002,-3.8929999999999723,-3.5617369999999937,-3.2304379999999355,-2.89910900000001,-2.567719000000011,-2.2362979999999766,-1.9048460000000205,-1.5733640000000264,-1.2418519999999944,-0.91027800000000525,-0.57867399999992131,-0.24704000000002679,0.084625000000016826,0.41635100000007697,0.74807700000008026,1.0798650000000407,1.411713000000077,1.7435609999999997,2.0754700000000526,2.407410000000084,2.7393800000000397,3.0713810000000308,3.4034420000000409,3.735535000000084,3.6926570000000538,3.6498110000000565,3.6070000000000846,3.5642400000000407,3.521515000000079,3.478821000000039,3.4361880000000724,3.3935550000000489,3.350983000000042,3.308441000000073,3.2659610000000612,3.2234800000000519,3.1810610000000565,3.1386720000000423,3.096313000000066,3.0540160000000469,3.0117190000000846,2.9694820000000846,2.9272770000000605,2.8851320000000555,2.8430000000000746,2.8009030000000621,2.7588500000000522,2.7168270000000803,2.6748660000000655,2.6329350000000318,2.591034000000036,2.5491640000000757,2.5073240000000396,2.4655460000000744,2.4237980000000334,2.3820800000000304,2.3403930000000628,2.2987670000000548,2.2571410000000469,2.2155760000000555,2.1740420000000427,2.1325680000000489,2.0911250000000337,2.0496830000000728,2.0083010000000741,1.966980000000035,1.9256590000000529,1.8843990000000304,1.8431700000000433,1.8019710000000373,1.7608340000000453,1.7196960000000558,1.6786190000000829,1.6375730000000317,1.5965880000000539,1.555603000000076,1.5146790000000578,1.4737850000000776,1.432922000000076,1.3920900000000529,1.3513180000000489,1.3105770000000803,1.2698670000000334,1.2291870000000813,1.188568000000032,1.1479490000000396,1.1073910000000637,1.0668640000000664,1.0263980000000288,0.98593100000005052,0.9455260000000294,0.90515100000004622,0.86480700000004163,0.82452400000005355,0.78424100000006547,0.74401900000003707,0.70382700000004661,0.66366600000003473,0.62356600000003937,0.583466000000044,0.54342700000006516,0.50344800000004852,0.46347000000002936,0.42352300000004561,0.38363600000008091,0.34378100000003542,0.3039550000000304,0.26419100000003937,0.22442600000005086,0.18472300000007635,0.14505000000008295,0.10540800000006811,0.065826000000072327,0.026245000000074015,-0.013274999999964621,-0.052764999999965312,-0.092223999999930584,-0.13162199999993618,-0.17102099999993925,-0.21035799999992832,-0.24966399999993882,-0.28893999999996822,-0.32815599999992173,-0.36737099999993461,-0.40652499999993097,-0.44564799999994875,-0.48471099999994749,-0.52377299999994875,-0.562774999999931,-0.60174599999993461,-0.64068599999995968,-0.6795959999999468,-0.71847499999995534,-0.75729399999994484,-0.79608199999995577,-0.83483899999993127,-0.87356599999992568,-0.91226199999994151,-0.95089699999994082,-0.989501999999959,-1.0280759999999418,-1.0666199999999435,-1.1051329999999666,-1.1435849999999164,-1.1819999999999595,-1.2204279999999699,-1.2587589999999409,-1.2970889999999713,-1.3353879999999663,-1.3736269999999422,-1.4118349999999396,-1.4499999999999318,-1.4881589999999392,-1.5262449999999603,-1.5643309999999246,-1.6023559999999293,-1.6403499999999553,-1.6783139999999435,-1.7162169999999151,-1.7541199999999435,-1.7919619999999554,-1.8297729999999319,-1.8675539999999273,-1.9053039999999442,-1.9429999999999268,-1.9806819999999448,-2.018310999999926,-2.0559079999999312,-2.0934749999999553,-2.130999999999915,-2.168487999999968,-2.2059329999999591,-2.24337799999995,-2.2807619999999247,-2.3180849999999396,-2.3554079999999544,-2.3926999999999339,-2.4299319999999511,-2.467132999999933,-2.5043029999999362,-2.5414429999999584,-2.578521999999964,-2.6156009999999696],