{"velocityGrid":[-0.63549818969610639,-0.61532364399146811,-0.59514909828682983,-0.57497455258219154,-0.55480000687755315,-0.53462546117291487,-0.51445091546827659,-0.49427636976363826,-0.47410182405900003,-0.4539272783543617,-0.43375273264972342,-0.41357818694508514,-0.3934036412404468,-0.37322909553580852,-0.35305454983117024,-0.33288000412653196,-0.31270545842189362,-0.29253091271725534,-0.27235636701261706,-0.25218182130797873,-0.23200727560334045,-0.21183272989870211,-0.19165818419406383,-0.17148363848942555,-0.15130909278478724,-0.13113454708014893,-0.11096000137551064,-0.090785455670872331,-0.070610909966234037,-0.050436364261595749,-0.030261818556957445,-0.010087272852319149,0.010087272852319149,0.030261818556957445,0.050436364261595749,0.070610909966234037,0.090785455670872331,0.11096000137551064,0.13113454708014893,0.15130909278478724,0.17148363848942555,0.19165818419406383,0.21183272989870211,0.23200727560334045,0.25218182130797873,0.27235636701261706,0.29253091271725534,0.31270545842189362,0.33288000412653196,0.35305454983117024,0.37322909553580852,0.3934036412404468,0.41357818694508514,0.43375273264972342,0.4539272783543617,0.47410182405900003,0.49427636976363826,0.51445091546827659,0.53462546117291487,0.55480000687755315,0.57497455258219154,0.59514909828682983,0.61532364399146811,0.63549818969610639],"fastTimeGrid":[0,5.6818181818181817E-10,1.1363636363636363E-9,1.7045454545454545E-9,2.2727272727272727E-9,2.8409090909090911E-9,3.409090909090909E-9,3.977272727272727E-9,4.5454545454545454E-9,5.1136363636363638E-9,5.6818181818181822E-9,6.25E-9,6.8181818181818181E-9,7.3863636363636365E-9,7.954545454545454E-9,8.5227272727272732E-9,9.09090909090909E-9,9.6590909090909084E-9,1.0227272727272728E-8,1.0795454545454545E-8,1.1363636363636364E-8,1.1931818181818182E-8,1.25E-8,1.3068181818181819E-8,1.3636363636363636E-8,1.4204545454545454E-8,1.4772727272727273E-8,1.5340909090909091E-8,1.5909090909090908E-8,1.6477272727272726E-8,1.7045454545454546E-8,1.7613636363636364E-8,1.8181818181818182E-8,1.875E-8,1.9318181818181817E-8,1.9886363636363638E-8,2.0454545454545455E-8,2.1022727272727273E-8,2.159090909090909E-8,2.2159090909090908E-8,2.2727272727272729E-8,2.3295454545454546E-8,2.3863636363636364E-8,2.4431818181818181E-8,2.5E-8,2.556818181818182E-8,2.6136363636363637E-8,2.6704545454545455E-8,2.7272727272727272E-8,2.784090909090909E-8,2.8409090909090908E-8,2.8977272727272728E-8,2.9545454545454546E-8,3.0113636363636363E-8,3.0681818181818181E-8,3.125E-8,3.1818181818181816E-8,3.2386363636363634E-8,3.2954545454545451E-8,3.3522727272727275E-8,3.4090909090909093E-8,3.4659090909090911E-8,3.5227272727272728E-8,3.5795454545454546E-8,3.6363636363636363E-8,3.6931818181818181E-8,3.75E-8,3.8068181818181816E-8,3.8636363636363633E-8,3.9204545454545458E-8,3.9772727272727275E-8,4.0340909090909093E-8,4.090909090909091E-8,4.1477272727272728E-8,4.2045454545454545E-8,4.2613636363636363E-8,4.318181818181818E-8,4.375E-8,4.4318181818181816E-8,4.4886363636363633E-8,4.5454545454545457E-8,4.6022727272727275E-8,4.6590909090909092E-8,4.715909090909091E-8,4.7727272727272728E-8,4.8295454545454545E-8,4.8863636363636363E-8,4.943181818181818E-8,5E-8,5.0568181818181815E-8,5.1136363636363639E-8,5.1704545454545457E-8,5.2272727272727275E-8,5.2840909090909092E-8,5.340909090909091E-8,5.3977272727272727E-8,5.4545454545454545E-8,5.5113636363636362E-8,5.568181818181818E-8,5.625E-8,5.6818181818181815E-8,5.7386363636363639E-8,5.7954545454545457E-8,5.8522727272727274E-8,5.9090909090909092E-8,5.9659090909090909E-8,6.0227272727272727E-8,6.0795454545454545E-8,6.1363636363636362E-8,6.193181818181818E-8,6.25E-8,6.3068181818181815E-8,6.3636363636363632E-8,6.420454545454545E-8,6.4772727272727267E-8,6.5340909090909085E-8,6.59090909090909E-8,6.6477272727272733E-8,6.7045454545454551E-8,6.7613636363636368E-8,6.8181818181818186E-8,6.875E-8,6.9318181818181821E-8,6.9886363636363639E-8,7.0454545454545456E-8,7.1022727272727274E-8,7.1590909090909091E-8,7.2159090909090909E-8],"timeShift":-4.8181818181818192E-9,"slowTimeFftGrid":[0.1248,0.2496,0.37439999999999996,0.4992,0.624,0.74879999999999991,0.87359999999999993,0.9984],"slowTimeGrid":[0,0.0039,0.0078,0.011699999999999999,0.0156,0.0195,0.023399999999999997,0.027299999999999998,0.0312,0.0351,0.039,0.0429,0.046799999999999994,0.050699999999999995,0.054599999999999996,0.058499999999999996,0.0624,0.0663,0.0702,0.0741,0.078,0.0819,0.0858,0.0897,0.093599999999999989,0.097499999999999989,0.10139999999999999,0.10529999999999999,0.10919999999999999,0.11309999999999999,0.11699999999999999,0.1209,0.1248,0.12869999999999998,0.1326,0.13649999999999998,0.1404,0.14429999999999998,0.1482,0.15209999999999999,0.156,0.1599,0.1638,0.1677,0.1716,0.1755,0.1794,0.1833,0.18719999999999998,0.1911,0.19499999999999998,0.1989,0.20279999999999998,0.2067,0.21059999999999998,0.2145,0.21839999999999998,0.2223,0.22619999999999998,0.2301,0.23399999999999999,0.2379,0.2418,0.2457,0.2496,0.2535,0.25739999999999996,0.2613,0.2652,0.2691,0.27299999999999996,0.2769,0.2808,0.2847,0.28859999999999997,0.2925,0.2964,0.3003,0.30419999999999997,0.3081,0.312,0.31589999999999996,0.3198,0.3237,0.3276,0.33149999999999996,0.3354,0.3393,0.3432,0.34709999999999996,0.351,0.3549,0.3588,0.36269999999999997,0.3666,0.3705,0.37439999999999996,0.37829999999999997,0.3822,0.3861,0.38999999999999996,0.3939,0.3978,0.4017,0.40559999999999996,0.4095,0.4134,0.4173,0.42119999999999996,0.4251,0.429,0.4329,0.43679999999999997,0.4407,0.4446,0.44849999999999995,0.45239999999999997,0.4563,0.4602,0.46409999999999996,0.46799999999999997,0.4719,0.4758,0.47969999999999996,0.4836,0.4875,0.4914,0.49529999999999996,0.4992,0.5031,0.507,0.5109,0.51479999999999992,0.51869999999999994,0.5226,0.5265,0.5304,0.5343,0.5382,0.5421,0.54599999999999993,0.54989999999999994,0.5538,0.5577,0.5616,0.5655,0.5694,0.57329999999999992,0.57719999999999994,0.5811,0.585,0.5889,0.5928,0.5967,0.6006,0.60449999999999993,0.60839999999999994,0.6123,0.6162,0.6201,0.624,0.6279,0.63179999999999992,0.63569999999999993,0.6396,0.6435,0.6474,0.6513,0.6552,0.6591,0.66299999999999992,0.66689999999999994,0.6708,0.6747,0.6786,0.6825,0.6864,0.69029999999999991,0.69419999999999993,0.69809999999999994,0.702,0.7059,0.7098,0.7137,0.7176,0.72149999999999992,0.72539999999999993,0.7293,0.7332,0.7371,0.741,0.7449,0.74879999999999991,0.75269999999999992,0.75659999999999994,0.7605,0.7644,0.7683,0.7722,0.7761,0.77999999999999992,0.78389999999999993,0.7878,0.7917,0.7956,0.7995,0.8034,0.8073,0.81119999999999992,0.81509999999999994,0.819,0.8229,0.8268,0.8307,0.8346,0.83849999999999991,0.84239999999999993,0.84629999999999994,0.8502,0.8541,0.858,0.8619,0.8658,0.86969999999999992,0.87359999999999993,0.8775,0.8814,0.8853,0.8892,0.8931,0.89699999999999991,0.90089999999999992,0.90479999999999994,0.9087,0.9126,0.9165,0.9204,0.9243,0.92819999999999991,0.93209999999999993,0.93599999999999994,0.9399,0.9438,0.9477,0.9516,0.9554999999999999,0.95939999999999992,0.96329999999999993,0.9672,0.9711,0.975,0.9789,0.9828,0.98669999999999991,0.99059999999999993,0.99449999999999994],